teensy_ms,esp_ms,sensor,temperature,humidity,pressure,gas
4088,4534,ENV,22.62,61.30,0.00,0.00
4653,3534,ENV,22.62,61.03,0.00,0.00
5652,4534,ENV,22.63,61.01,0.00,0.00
6652,5534,ENV,22.62,61.00,0.00,0.00
7652,6534,ENV,22.61,61.01,0.00,0.00
8652,7534,ENV,22.62,61.00,0.00,0.00
9652,8534,ENV,22.60,60.96,0.00,0.00
10652,9534,ENV,22.61,60.94,0.00,0.00
11652,10534,ENV,22.59,60.92,0.00,0.00
12652,11534,ENV,22.60,60.90,0.00,0.00
13652,12534,ENV,22.59,60.88,0.00,0.00
14652,13534,ENV,22.60,60.85,0.00,0.00
15652,14534,ENV,22.58,60.80,0.00,0.00
16652,15534,ENV,22.59,60.74,0.00,0.00
17652,16534,ENV,22.60,60.75,0.00,0.00
18652,17534,ENV,22.59,60.72,0.00,0.00
19652,18534,ENV,22.61,60.70,0.00,0.00
20652,19534,ENV,22.59,60.69,0.00,0.00
21652,20534,ENV,22.60,60.68,0.00,0.00
22652,21534,ENV,22.59,60.65,0.00,0.00
23652,22534,ENV,22.60,60.62,0.00,0.00
24652,23534,ENV,22.60,60.57,0.00,0.00
25652,24534,ENV,22.60,60.55,0.00,0.00
26652,25534,ENV,22.60,60.52,0.00,0.00
27652,26534,ENV,22.60,60.48,0.00,0.00
28652,27534,ENV,22.60,60.47,0.00,0.00
29652,28534,ENV,22.59,60.45,0.00,0.00
30652,29534,ENV,22.59,60.42,0.00,0.00
31652,30534,ENV,22.58,60.40,0.00,0.00
32652,31534,ENV,22.57,60.37,0.00,0.00
33652,32534,ENV,22.57,60.43,0.00,0.00
34652,33534,ENV,22.58,60.45,0.00,0.00
35652,34534,ENV,22.57,60.47,0.00,0.00
36652,35534,ENV,22.56,60.43,0.00,0.00
37652,36534,ENV,22.57,60.40,0.00,0.00
38652,37534,ENV,22.58,60.35,0.00,0.00
39652,38534,ENV,22.58,60.36,0.00,0.00
40652,39534,ENV,22.57,60.38,0.00,0.00
41652,40534,ENV,22.57,60.40,0.00,0.00
42652,41534,ENV,22.57,60.47,0.00,0.00
43652,42534,ENV,22.58,60.51,0.00,0.00
44652,43534,ENV,22.55,60.57,0.00,0.00
45652,44534,ENV,22.54,60.59,0.00,0.00
46652,45534,ENV,22.54,60.64,0.00,0.00
47652,46534,ENV,22.55,60.64,0.00,0.00
48652,47534,ENV,22.53,60.63,0.00,0.00
49652,48534,ENV,22.54,60.72,0.00,0.00
50652,49534,ENV,22.54,60.74,0.00,0.00
51652,50534,ENV,22.53,60.71,0.00,0.00
52652,51534,ENV,22.54,60.75,0.00,0.00
53652,52534,ENV,22.53,60.71,0.00,0.00
54652,53534,ENV,22.53,60.70,0.00,0.00
55652,54534,ENV,22.52,60.74,0.00,0.00
56652,55534,ENV,22.52,60.76,0.00,0.00
57652,56534,ENV,22.52,60.77,0.00,0.00
58652,57534,ENV,22.53,60.74,0.00,0.00
59652,58534,ENV,22.51,60.72,0.00,0.00
60652,59534,ENV,22.51,60.78,0.00,0.00
61652,60534,ENV,22.51,60.88,0.00,0.00
62652,61534,ENV,22.51,60.90,0.00,0.00
63651,62534,ENV,22.50,60.90,0.00,0.00
64651,63534,ENV,22.50,60.97,0.00,0.00
65651,64534,ENV,22.49,60.96,0.00,0.00
66651,65534,ENV,22.51,60.92,0.00,0.00
67651,66534,ENV,22.49,60.91,0.00,0.00
68651,67534,ENV,22.48,60.87,0.00,0.00
69651,68534,ENV,22.48,60.82,0.00,0.00
70651,69534,ENV,22.50,60.78,0.00,0.00
71651,70534,ENV,22.48,60.76,0.00,0.00
72651,71534,ENV,22.49,60.79,0.00,0.00
73651,72534,ENV,22.49,60.78,0.00,0.00
74651,73534,ENV,22.48,60.82,0.00,0.00
75651,74534,ENV,22.48,60.93,0.00,0.00
76651,75534,ENV,22.48,60.96,0.00,0.00
77651,76534,ENV,22.47,60.99,0.00,0.00
78651,77534,ENV,22.47,61.08,0.00,0.00
79651,78534,ENV,22.46,61.15,0.00,0.00
80651,79534,ENV,22.46,61.20,0.00,0.00
81651,80534,ENV,22.46,61.25,0.00,0.00
82651,81534,ENV,22.46,61.25,0.00,0.00
83651,82534,ENV,22.46,61.26,0.00,0.00
84651,83534,ENV,22.46,61.30,0.00,0.00
85651,84534,ENV,22.44,61.29,0.00,0.00
86651,85534,ENV,22.44,61.27,0.00,0.00
87651,86534,ENV,22.44,61.25,0.00,0.00
88651,87534,ENV,22.42,61.24,0.00,0.00
89651,88534,ENV,22.43,61.23,0.00,0.00
90651,89534,ENV,22.42,61.22,0.00,0.00
91651,90534,ENV,22.43,61.20,0.00,0.00
92651,91534,ENV,22.41,61.22,0.00,0.00
93651,92534,ENV,22.41,61.16,0.00,0.00
94651,93534,ENV,22.43,61.11,0.00,0.00
4682,99534,ENV,22.42,60.98,0.00,0.00
5682,100534,ENV,22.40,60.99,0.00,0.00
6682,101534,ENV,22.41,60.98,0.00,0.00
4812,108534,ENV,22.40,67.21,0.00,0.00
5812,109534,ENV,22.40,61.19,0.00,0.00
4524,115534,ENV,25.09,68.30,0.00,0.00
5524,116534,ENV,25.39,69.81,0.00,0.00
6524,117534,ENV,25.65,71.14,0.00,0.00
7524,118534,ENV,25.85,72.30,0.00,0.00
8524,119534,ENV,25.98,72.37,0.00,0.00
9524,120534,ENV,25.75,68.87,0.00,0.00
10524,121534,ENV,25.54,66.32,0.00,0.00
11524,122534,ENV,25.38,64.35,0.00,0.00
12524,123534,ENV,25.24,62.78,0.00,0.00
13524,124534,ENV,25.10,61.51,0.00,0.00
4126,129534,ENV,24.71,58.11,0.00,0.00
5126,130534,ENV,24.64,57.80,0.00,0.00
6126,131534,ENV,24.61,57.54,0.00,0.00
7126,132534,ENV,24.55,57.33,0.00,0.00
8126,133534,ENV,24.53,57.15,0.00,0.00
9126,134534,ENV,24.49,57.01,0.00,0.00
10126,135534,ENV,24.44,56.93,0.00,0.00
11126,136534,ENV,24.41,56.87,0.00,0.00
12126,137534,ENV,24.38,56.80,0.00,0.00
13126,138534,ENV,24.36,56.77,0.00,0.00
14126,139534,ENV,24.32,56.74,0.00,0.00
15126,140534,ENV,24.29,56.76,0.00,0.00
16126,141534,ENV,24.25,56.75,0.00,0.00
17126,142534,ENV,24.23,56.72,0.00,0.00
18126,143534,ENV,24.22,56.74,0.00,0.00
19126,144534,ENV,24.19,56.73,0.00,0.00
20126,145534,ENV,24.17,56.73,0.00,0.00
21126,146534,ENV,24.15,56.68,0.00,0.00
22126,147534,ENV,24.15,56.70,0.00,0.00
23126,148534,ENV,24.12,56.70,0.00,0.00
24126,149534,ENV,24.09,56.71,0.00,0.00
25126,150534,ENV,24.07,56.72,0.00,0.00
26126,151534,ENV,24.06,56.76,0.00,0.00
27126,152534,ENV,24.04,56.79,0.00,0.00
28126,153534,ENV,24.02,56.84,0.00,0.00
29126,154534,ENV,24.01,56.84,0.00,0.00
30126,155534,ENV,23.99,56.84,0.00,0.00
31126,156534,ENV,23.99,56.84,0.00,0.00
32126,157534,ENV,23.96,56.85,0.00,0.00
33126,158534,ENV,23.95,56.87,0.00,0.00
34126,159534,ENV,23.94,56.91,0.00,0.00
35126,160534,ENV,23.92,56.93,0.00,0.00
36126,161534,ENV,23.90,56.94,0.00,0.00
37125,162534,ENV,23.89,56.99,0.00,0.00
38125,163534,ENV,23.86,57.00,0.00,0.00
39125,164534,ENV,23.85,57.04,0.00,0.00
40125,165534,ENV,23.84,57.08,0.00,0.00
41125,166534,ENV,23.82,57.09,0.00,0.00
42125,167534,ENV,23.82,57.13,0.00,0.00
43125,168534,ENV,23.79,57.16,0.00,0.00
44125,169534,ENV,23.78,57.19,0.00,0.00
45125,170534,ENV,23.76,57.20,0.00,0.00
46125,171534,ENV,23.76,57.22,0.00,0.00
47125,172534,ENV,23.74,57.28,0.00,0.00
48125,173534,ENV,23.72,57.33,0.00,0.00
49125,174534,ENV,23.72,57.34,0.00,0.00
50125,175534,ENV,23.70,57.36,0.00,0.00
51125,176534,ENV,23.69,57.35,0.00,0.00
52125,177534,ENV,23.68,57.39,0.00,0.00
53125,178534,ENV,23.67,57.36,0.00,0.00
54125,179534,ENV,23.65,57.40,0.00,0.00
55125,180534,ENV,23.62,57.43,0.00,0.00
56125,181534,ENV,23.62,57.51,0.00,0.00
57125,182534,ENV,23.61,57.54,0.00,0.00
58125,183534,ENV,23.59,57.60,0.00,0.00
59125,184534,ENV,23.57,57.69,0.00,0.00
60125,185534,ENV,23.56,57.75,0.00,0.00
61125,186534,ENV,23.55,57.83,0.00,0.00
62125,187534,ENV,23.54,57.87,0.00,0.00
63125,188534,ENV,23.54,57.92,0.00,0.00
64125,189534,ENV,23.51,58.01,0.00,0.00
65125,190534,ENV,23.50,58.06,0.00,0.00
66125,191534,ENV,23.49,58.06,0.00,0.00
67125,192534,ENV,23.47,58.12,0.00,0.00
68125,193534,ENV,23.46,58.13,0.00,0.00
69125,194534,ENV,23.46,58.19,0.00,0.00
70125,195534,ENV,23.42,58.22,0.00,0.00
71125,196534,ENV,23.43,58.29,0.00,0.00
72125,197534,ENV,23.41,58.34,0.00,0.00
73125,198534,ENV,23.39,58.36,0.00,0.00
74125,199534,ENV,23.38,58.40,0.00,0.00
75125,200534,ENV,23.39,58.44,0.00,0.00
76125,201534,ENV,23.36,58.44,0.00,0.00
77125,202534,ENV,23.35,58.46,0.00,0.00
78125,203534,ENV,23.36,58.45,0.00,0.00
79125,204534,ENV,23.34,58.45,0.00,0.00
80125,205534,ENV,23.32,58.46,0.00,0.00
81125,206534,ENV,23.30,58.48,0.00,0.00
82125,207534,ENV,23.30,58.49,0.00,0.00
83125,208534,ENV,23.29,58.51,0.00,0.00
84125,209534,ENV,23.29,58.49,0.00,0.00
85125,210534,ENV,23.28,58.53,0.00,0.00
86125,211534,ENV,23.27,58.51,0.00,0.00
87125,212534,ENV,23.26,58.50,0.00,0.00
88125,213534,ENV,23.26,58.52,0.00,0.00
89125,214534,ENV,23.24,58.51,0.00,0.00
90125,215534,ENV,23.23,58.49,0.00,0.00
91125,216534,ENV,23.22,58.49,0.00,0.00
92124,217534,ENV,23.20,58.55,0.00,0.00
93124,218534,ENV,23.20,58.54,0.00,0.00
94124,219534,ENV,23.19,58.66,0.00,0.00
95124,220534,ENV,23.17,58.64,0.00,0.00
96124,221534,ENV,23.16,58.66,0.00,0.00
97124,222534,ENV,23.16,58.66,0.00,0.00
98124,223534,ENV,23.16,58.73,0.00,0.00
99124,224534,ENV,23.15,58.79,0.00,0.00
100124,225534,ENV,23.13,58.83,0.00,0.00
101124,226534,ENV,23.13,58.89,0.00,0.00
102124,227534,ENV,23.11,58.95,0.00,0.00
103124,228534,ENV,23.11,59.01,0.00,0.00
104124,229534,ENV,23.10,59.04,0.00,0.00
105124,230534,ENV,23.10,59.07,0.00,0.00
106124,231534,ENV,23.08,59.12,0.00,0.00
107124,232534,ENV,23.09,59.11,0.00,0.00
108124,233534,ENV,23.07,59.15,0.00,0.00
109124,234534,ENV,23.06,59.18,0.00,0.00
110124,235534,ENV,23.05,59.34,0.00,0.00
111124,236534,ENV,23.05,59.34,0.00,0.00
112124,237534,ENV,23.03,59.32,0.00,0.00
113124,238534,ENV,23.02,59.31,0.00,0.00
114124,239534,ENV,23.02,59.31,0.00,0.00
115124,240534,ENV,23.01,59.33,0.00,0.00
116124,241534,ENV,22.99,59.30,0.00,0.00
117124,242534,ENV,22.99,59.29,0.00,0.00
118124,243534,ENV,22.98,59.29,0.00,0.00
119124,244534,ENV,22.98,59.30,0.00,0.00
120124,245534,ENV,22.97,59.31,0.00,0.00
121124,246534,ENV,22.97,59.29,0.00,0.00
122124,247534,ENV,22.97,59.27,0.00,0.00
123124,248534,ENV,22.96,59.27,0.00,0.00
124124,249534,ENV,22.93,59.27,0.00,0.00
125124,250534,ENV,22.94,59.32,0.00,0.00
126124,251534,ENV,22.94,59.37,0.00,0.00
127124,252534,ENV,22.91,59.45,0.00,0.00
128124,253534,ENV,22.92,59.49,0.00,0.00
129124,254534,ENV,22.92,59.53,0.00,0.00
130124,255534,ENV,22.91,59.51,0.00,0.00
131124,256534,ENV,22.92,59.54,0.00,0.00
132124,257534,ENV,22.90,59.58,0.00,0.00
133124,258534,ENV,22.90,59.62,0.00,0.00
134124,259534,ENV,22.88,59.66,0.00,0.00
135124,260534,ENV,22.87,59.66,0.00,0.00
136124,261534,ENV,22.86,59.71,0.00,0.00
137124,262534,ENV,22.86,59.71,0.00,0.00
138124,263534,ENV,22.85,59.72,0.00,0.00
139124,264534,ENV,22.85,59.75,0.00,0.00
140124,265534,ENV,22.85,59.76,0.00,0.00
141124,266534,ENV,22.82,59.82,0.00,0.00
142124,267534,ENV,22.83,59.85,0.00,0.00
143124,268534,ENV,22.82,59.85,0.00,0.00
144124,269534,ENV,22.82,59.85,0.00,0.00
145124,270534,ENV,22.81,59.89,0.00,0.00
146123,271534,ENV,22.79,59.91,0.00,0.00
147123,272534,ENV,22.79,59.98,0.00,0.00
148123,273534,ENV,22.79,60.04,0.00,0.00
149123,274534,ENV,22.78,60.07,0.00,0.00
150123,275534,ENV,22.78,60.09,0.00,0.00
151123,276534,ENV,22.78,60.12,0.00,0.00
152123,277534,ENV,22.78,60.14,0.00,0.00
153123,278534,ENV,22.76,60.12,0.00,0.00
154123,279534,ENV,22.76,60.11,0.00,0.00
155123,280534,ENV,22.74,60.12,0.00,0.00
156123,281534,ENV,22.74,60.12,0.00,0.00
157123,282534,ENV,22.73,60.09,0.00,0.00
158123,283534,ENV,22.74,60.09,0.00,0.00
159123,284534,ENV,22.74,60.03,0.00,0.00
160123,285534,ENV,22.72,60.03,0.00,0.00
161123,286534,ENV,22.72,60.07,0.00,0.00
162123,287534,ENV,22.70,60.10,0.00,0.00
163123,288534,ENV,22.70,60.10,0.00,0.00
164123,289534,ENV,22.70,60.10,0.00,0.00
165123,290534,ENV,22.69,60.12,0.00,0.00
166123,291534,ENV,22.71,60.10,0.00,0.00
167123,292534,ENV,22.68,60.13,0.00,0.00
168123,293534,ENV,22.69,60.11,0.00,0.00
169123,294534,ENV,22.69,60.13,0.00,0.00
170123,295534,ENV,22.68,60.14,0.00,0.00
171123,296534,ENV,22.68,60.15,0.00,0.00
172123,297534,ENV,22.66,60.17,0.00,0.00
173123,298534,ENV,22.67,60.20,0.00,0.00
174123,299534,ENV,22.65,60.22,0.00,0.00
175123,300534,ENV,22.66,60.23,0.00,0.00
176123,301534,ENV,22.66,60.23,0.00,0.00
177123,302534,ENV,22.65,60.25,0.00,0.00
178123,303534,ENV,22.64,60.23,0.00,0.00
179123,304534,ENV,22.65,60.24,0.00,0.00
180123,305534,ENV,22.63,60.29,0.00,0.00
181123,306534,ENV,22.61,60.31,0.00,0.00
182123,307534,ENV,22.64,60.36,0.00,0.00
183123,308534,ENV,22.62,60.39,0.00,0.00
184123,309534,ENV,22.62,60.41,0.00,0.00
185123,310534,ENV,22.61,60.44,0.00,0.00
186123,311534,ENV,22.62,60.52,0.00,0.00
187123,312534,ENV,22.60,60.56,0.00,0.00
188123,313534,ENV,22.60,60.62,0.00,0.00
189123,314534,ENV,22.61,60.65,0.00,0.00
190123,315534,ENV,22.60,60.68,0.00,0.00
191123,316534,ENV,22.59,60.74,0.00,0.00
192123,317534,ENV,22.60,60.78,0.00,0.00
193123,318534,ENV,22.58,60.79,0.00,0.00
194123,319534,ENV,22.59,60.84,0.00,0.00
195123,320534,ENV,22.58,60.85,0.00,0.00
196123,321534,ENV,22.57,60.88,0.00,0.00
197123,322534,ENV,22.57,60.86,0.00,0.00
198123,323534,ENV,22.56,60.90,0.00,0.00
199123,324534,ENV,22.56,60.88,0.00,0.00
200122,325534,ENV,22.55,60.88,0.00,0.00
201122,326534,ENV,22.55,60.87,0.00,0.00
202122,327534,ENV,22.55,60.89,0.00,0.00
203122,328534,ENV,22.55,60.90,0.00,0.00
204122,329534,ENV,22.53,60.92,0.00,0.00
205122,330534,ENV,22.53,60.90,0.00,0.00
206122,331534,ENV,22.52,60.94,0.00,0.00
207122,332534,ENV,22.52,60.92,0.00,0.00
208122,333534,ENV,22.52,60.93,0.00,0.00
209122,334534,ENV,22.51,60.93,0.00,0.00
210122,335534,ENV,22.52,60.94,0.00,0.00
211122,336534,ENV,22.50,60.97,0.00,0.00
212122,337534,ENV,22.48,60.98,0.00,0.00
213122,338534,ENV,22.51,60.97,0.00,0.00
214122,339534,ENV,22.48,60.99,0.00,0.00
215122,340534,ENV,22.49,60.99,0.00,0.00
216122,341534,ENV,22.49,61.01,0.00,0.00
217122,342534,ENV,22.48,61.00,0.00,0.00
218122,343534,ENV,22.46,61.05,0.00,0.00
219122,344534,ENV,22.46,61.04,0.00,0.00
220122,345534,ENV,22.47,61.06,0.00,0.00
221122,346534,ENV,22.45,61.10,0.00,0.00
222122,347534,ENV,22.44,61.10,0.00,0.00
223122,348534,ENV,22.45,61.12,0.00,0.00
224122,349534,ENV,22.44,61.14,0.00,0.00
225122,350534,ENV,22.46,61.16,0.00,0.00
226122,351534,ENV,22.44,61.21,0.00,0.00
227122,352534,ENV,22.44,61.21,0.00,0.00
228122,353534,ENV,22.43,61.22,0.00,0.00
229122,354534,ENV,22.42,61.22,0.00,0.00
230122,355534,ENV,22.42,61.26,0.00,0.00
231122,356534,ENV,22.40,61.29,0.00,0.00
232122,357534,ENV,22.41,61.29,0.00,0.00
233122,358534,ENV,22.41,61.32,0.00,0.00
234122,359534,ENV,22.42,61.32,0.00,0.00
235122,360534,ENV,22.40,61.30,0.00,0.00
236122,361534,ENV,22.41,61.32,0.00,0.00
237122,362534,ENV,22.41,61.32,0.00,0.00
238122,363534,ENV,22.41,61.35,0.00,0.00
239122,364534,ENV,22.39,61.36,0.00,0.00
240122,365534,ENV,22.40,61.34,0.00,0.00
241122,366534,ENV,22.39,61.30,0.00,0.00
242122,367534,ENV,22.40,61.24,0.00,0.00
243122,368534,ENV,22.38,61.18,0.00,0.00
244122,369534,ENV,22.39,61.20,0.00,0.00
245122,370534,ENV,22.37,61.20,0.00,0.00
246122,371534,ENV,22.37,61.16,0.00,0.00
247122,372534,ENV,22.38,61.14,0.00,0.00
248122,373534,ENV,22.37,61.15,0.00,0.00
249122,374534,ENV,22.37,61.12,0.00,0.00
250122,375534,ENV,22.38,61.17,0.00,0.00
251122,376534,ENV,22.36,61.20,0.00,0.00
252122,377534,ENV,22.36,61.23,0.00,0.00
253121,378534,ENV,22.38,61.27,0.00,0.00
254121,379534,ENV,22.35,61.34,0.00,0.00
255121,380534,ENV,22.36,61.41,0.00,0.00
256121,381534,ENV,22.35,61.44,0.00,0.00
257121,382534,ENV,22.36,61.45,0.00,0.00
258121,383534,ENV,22.35,61.46,0.00,0.00
259121,384534,ENV,22.36,61.47,0.00,0.00
260121,385534,ENV,22.33,61.49,0.00,0.00
261121,386534,ENV,22.34,61.48,0.00,0.00
262121,387534,ENV,22.35,61.50,0.00,0.00
263121,388534,ENV,22.33,61.51,0.00,0.00
264121,389534,ENV,22.33,61.52,0.00,0.00
265121,390534,ENV,22.32,61.53,0.00,0.00
266121,391534,ENV,22.31,61.54,0.00,0.00
267121,392534,ENV,22.33,61.55,0.00,0.00
268121,393534,ENV,22.33,61.57,0.00,0.00
269121,394534,ENV,22.31,61.55,0.00,0.00
270121,395534,ENV,22.31,61.51,0.00,0.00
271121,396534,ENV,22.31,61.50,0.00,0.00
272121,397534,ENV,22.31,61.43,0.00,0.00
273121,398534,ENV,22.32,61.43,0.00,0.00
274121,399534,ENV,22.31,61.45,0.00,0.00
275121,400534,ENV,22.32,61.47,0.00,0.00
276121,401534,ENV,22.32,61.46,0.00,0.00
277121,402534,ENV,22.31,61.50,0.00,0.00
278121,403534,ENV,22.31,61.52,0.00,0.00
279121,404534,ENV,22.30,61.55,0.00,0.00
280121,405534,ENV,22.31,61.57,0.00,0.00
4832,412534,ENV,23.87,63.68,0.00,0.00
5832,413534,ENV,24.74,64.85,0.00,0.00
6832,414534,ENV,25.25,65.88,0.00,0.00
4042,415534,ENV,25.61,67.11,0.00,0.00
4320,419534,ENV,25.69,65.09,0.00,0.00
5320,420534,ENV,25.45,63.30,0.00,0.00
6320,421534,ENV,25.25,61.89,0.00,0.00
7320,422534,ENV,25.11,60.77,0.00,0.00
8320,423534,ENV,24.96,59.93,0.00,0.00
9320,424534,ENV,24.85,59.24,0.00,0.00
10320,425534,ENV,24.75,58.75,0.00,0.00
11320,426534,ENV,24.66,58.36,0.00,0.00
12320,427534,ENV,24.59,58.04,0.00,0.00
13320,428534,ENV,24.53,57.74,0.00,0.00
14320,429534,ENV,24.47,57.54,0.00,0.00
15320,430534,ENV,24.40,57.36,0.00,0.00
16320,431534,ENV,24.35,57.25,0.00,0.00
17320,432534,ENV,24.29,57.16,0.00,0.00
18320,433534,ENV,24.26,57.08,0.00,0.00
19320,434534,ENV,24.23,57.07,0.00,0.00
20320,435534,ENV,24.20,57.00,0.00,0.00
21320,436534,ENV,24.17,56.98,0.00,0.00
22320,437534,ENV,24.14,56.97,0.00,0.00
23320,438534,ENV,24.11,56.99,0.00,0.00
24320,439534,ENV,24.08,56.97,0.00,0.00
25320,440534,ENV,24.05,57.01,0.00,0.00
26320,441534,ENV,24.04,57.06,0.00,0.00
27320,442534,ENV,24.01,57.07,0.00,0.00
28320,443534,ENV,23.99,57.11,0.00,0.00
29320,444534,ENV,23.97,57.18,0.00,0.00
30320,445534,ENV,23.93,57.21,0.00,0.00
31320,446534,ENV,23.92,57.25,0.00,0.00
32320,447534,ENV,23.90,57.29,0.00,0.00
33320,448534,ENV,23.90,57.30,0.00,0.00
34320,449534,ENV,23.86,57.36,0.00,0.00
35320,450534,ENV,23.85,57.40,0.00,0.00
36320,451534,ENV,23.83,57.43,0.00,0.00
37320,452534,ENV,23.81,57.49,0.00,0.00
38320,453534,ENV,23.79,57.58,0.00,0.00
39320,454534,ENV,23.77,57.61,0.00,0.00
40320,455534,ENV,23.77,57.66,0.00,0.00
41320,456534,ENV,23.74,57.74,0.00,0.00
42320,457534,ENV,23.73,57.74,0.00,0.00
43320,458534,ENV,23.71,57.80,0.00,0.00
44320,459534,ENV,23.68,57.87,0.00,0.00
45320,460534,ENV,23.68,57.87,0.00,0.00
46320,461534,ENV,23.67,57.91,0.00,0.00
47320,462534,ENV,23.64,57.91,0.00,0.00
48320,463534,ENV,23.63,57.99,0.00,0.00
49320,464534,ENV,23.63,57.98,0.00,0.00
50320,465534,ENV,23.61,57.99,0.00,0.00
51320,466534,ENV,23.60,57.96,0.00,0.00
52320,467534,ENV,23.58,57.94,0.00,0.00
53320,468534,ENV,23.56,57.95,0.00,0.00
54320,469534,ENV,23.56,58.01,0.00,0.00
55320,470534,ENV,23.54,58.05,0.00,0.00
56319,471534,ENV,23.53,58.07,0.00,0.00
57319,472534,ENV,23.52,58.11,0.00,0.00
58319,473534,ENV,23.51,58.11,0.00,0.00
59319,474534,ENV,23.49,58.09,0.00,0.00
60319,475534,ENV,23.47,58.16,0.00,0.00
61319,476534,ENV,23.48,58.18,0.00,0.00
62319,477534,ENV,23.46,58.23,0.00,0.00
63319,478534,ENV,23.45,58.23,0.00,0.00
64319,479534,ENV,23.45,58.29,0.00,0.00
65319,480534,ENV,23.41,58.33,0.00,0.00
66319,481534,ENV,23.42,58.38,0.00,0.00
67319,482534,ENV,23.40,58.43,0.00,0.00
68319,483534,ENV,23.39,58.45,0.00,0.00
69319,484534,ENV,23.38,58.51,0.00,0.00
70319,485534,ENV,23.38,58.50,0.00,0.00
71319,486534,ENV,23.35,58.52,0.00,0.00
72319,487534,ENV,23.34,58.55,0.00,0.00
73319,488534,ENV,23.33,58.55,0.00,0.00
74319,489534,ENV,23.31,58.57,0.00,0.00
75319,490534,ENV,23.32,58.62,0.00,0.00
76319,491534,ENV,23.31,58.68,0.00,0.00
77319,492534,ENV,23.29,58.65,0.00,0.00
78319,493534,ENV,23.28,58.67,0.00,0.00
79319,494534,ENV,23.26,58.71,0.00,0.00
80319,495534,ENV,23.26,58.77,0.00,0.00
81319,496534,ENV,23.27,58.78,0.00,0.00
82319,497534,ENV,23.23,58.84,0.00,0.00
83319,498534,ENV,23.23,58.83,0.00,0.00
84319,499534,ENV,23.22,58.83,0.00,0.00
85319,500534,ENV,23.21,58.82,0.00,0.00
86319,501534,ENV,23.18,58.83,0.00,0.00
87319,502534,ENV,23.18,58.85,0.00,0.00
88319,503534,ENV,23.18,58.86,0.00,0.00
89319,504534,ENV,23.16,58.90,0.00,0.00
90319,505534,ENV,23.15,58.94,0.00,0.00
91319,506534,ENV,23.13,58.96,0.00,0.00
92319,507534,ENV,23.14,59.02,0.00,0.00
93319,508534,ENV,23.12,59.07,0.00,0.00
94319,509534,ENV,23.12,59.13,0.00,0.00
95319,510534,ENV,23.10,59.19,0.00,0.00
96319,511534,ENV,23.08,59.24,0.00,0.00
97319,512534,ENV,23.08,59.26,0.00,0.00
98319,513534,ENV,23.07,59.30,0.00,0.00
99319,514534,ENV,23.07,59.31,0.00,0.00
100319,515534,ENV,23.06,59.33,0.00,0.00
101319,516534,ENV,23.05,59.36,0.00,0.00
102319,517534,ENV,23.03,59.38,0.00,0.00
103319,518534,ENV,23.02,59.41,0.00,0.00
104319,519534,ENV,23.03,59.43,0.00,0.00
105319,520534,ENV,23.02,59.44,0.00,0.00
106319,521534,ENV,23.01,59.45,0.00,0.00
107319,522534,ENV,23.00,59.45,0.00,0.00
108319,523534,ENV,22.99,59.48,0.00,0.00
109318,524534,ENV,22.99,59.49,0.00,0.00
110318,525534,ENV,22.97,59.49,0.00,0.00
111318,526534,ENV,22.96,59.44,0.00,0.00
112318,527534,ENV,22.97,59.45,0.00,0.00
113318,528534,ENV,22.97,59.41,0.00,0.00
114318,529534,ENV,22.96,59.44,0.00,0.00
115318,530534,ENV,22.95,59.45,0.00,0.00
116318,531534,ENV,22.94,59.42,0.00,0.00
117318,532534,ENV,22.95,59.42,0.00,0.00
118318,533534,ENV,22.93,59.43,0.00,0.00
119318,534534,ENV,22.92,59.44,0.00,0.00
120318,535534,ENV,22.91,59.50,0.00,0.00
121318,536534,ENV,22.92,59.54,0.00,0.00
122318,537534,ENV,22.92,59.61,0.00,0.00
123318,538534,ENV,22.90,59.66,0.00,0.00
124318,539534,ENV,22.89,59.68,0.00,0.00
125318,540534,ENV,22.88,59.70,0.00,0.00
126318,541534,ENV,22.86,59.68,0.00,0.00
127318,542534,ENV,22.87,59.71,0.00,0.00
128318,543534,ENV,22.86,59.74,0.00,0.00
129318,544534,ENV,22.86,59.78,0.00,0.00
130318,545534,ENV,22.84,59.79,0.00,0.00
131318,546534,ENV,22.84,59.81,0.00,0.00
132318,547534,ENV,22.85,59.83,0.00,0.00
133318,548534,ENV,22.83,59.85,0.00,0.00
134318,549534,ENV,22.83,59.90,0.00,0.00
135318,550534,ENV,22.82,59.89,0.00,0.00
136318,551534,ENV,22.82,59.93,0.00,0.00
137318,552534,ENV,22.79,59.95,0.00,0.00
138318,553534,ENV,22.81,59.98,0.00,0.00
139318,554534,ENV,22.78,60.01,0.00,0.00
140318,555534,ENV,22.79,60.03,0.00,0.00
141318,556534,ENV,22.79,60.05,0.00,0.00
142318,557534,ENV,22.78,60.04,0.00,0.00
143318,558534,ENV,22.76,60.06,0.00,0.00
144318,559534,ENV,22.76,60.03,0.00,0.00
145318,560534,ENV,22.77,60.01,0.00,0.00
146318,561534,ENV,22.76,59.95,0.00,0.00
147318,562534,ENV,22.73,59.96,0.00,0.00
148318,563534,ENV,22.74,59.95,0.00,0.00
149318,564534,ENV,22.74,59.98,0.00,0.00
150318,565534,ENV,22.73,59.98,0.00,0.00
151318,566534,ENV,22.73,59.99,0.00,0.00
152318,567534,ENV,22.72,60.02,0.00,0.00
153318,568534,ENV,22.70,60.06,0.00,0.00
154318,569534,ENV,22.71,60.10,0.00,0.00
155318,570534,ENV,22.71,60.11,0.00,0.00
156318,571534,ENV,22.70,60.12,0.00,0.00
157318,572534,ENV,22.70,60.13,0.00,0.00
158318,573534,ENV,22.69,60.16,0.00,0.00
159318,574534,ENV,22.69,60.19,0.00,0.00
160318,575534,ENV,22.68,60.19,0.00,0.00
161318,576534,ENV,22.67,60.10,0.00,0.00
162318,577534,ENV,23.58,65.08,0.00,0.00
163317,578534,ENV,24.16,69.13,0.00,0.00
164317,579534,ENV,24.51,72.12,0.00,0.00
165317,580534,ENV,24.80,73.24,0.00,0.00
166317,581534,ENV,25.14,73.97,0.00,0.00
167317,582534,ENV,25.45,74.43,0.00,0.00
168317,583534,ENV,25.72,74.76,0.00,0.00
169317,584534,ENV,25.97,74.90,0.00,0.00
170317,585534,ENV,26.19,75.01,0.00,0.00
171317,586534,ENV,26.33,75.11,0.00,0.00
172317,587534,ENV,26.49,75.14,0.00,0.00
173317,588534,ENV,26.54,75.41,0.00,0.00
